mcohort,ccAustria,ccChina,ccUSA
ccAustria,0.696699134,0.641355093,0.716619264
ccChina,0.739101041,0.658684371,0.767115866
ccUSA,0.635747341,0.63026095,0.583311111
